mic_id,mean_condval,mean_consd
amoxicillin_clavulanic_acid,0.0013036341842992336,0.1638429544300247
chlortetracycline,0,0
doxycycline,0.010226189112616857,0.31320539085962973
gentamicin,0.0060790397285041846,0.3202315937400683
neomycin,0,0
oxytetracycline,-6.77720867003173e-5,0.14015100317066315
spectinomycin,0,0
tetracycline,0.002448192637628468,0.2793048082562198
